Adlershof
Ahrensfelde
Altdöbern
Alt-Hohenschönhausen
Althüttendorf
Altlandsberg
Altglienicke
Alt-Treptow
Alt Tucheband
Alt Zauche-Wußwerk
Am Mellensee
Angermünde
Bad Belzig (Kreisstadt)
Bad Freienwalde (Oder)
Bad Liebenwerda
Bad Saarow
Bad Wilsnack
Baruth/Mark
Baumschulenweg
Beelitz
Beeskow (Kreisstadt)
Beetzsee
Beetzseeheide
Beiersdorf-Freudenberg
Bensdorf
Berge
Berkenbrück
Berkholz-Meyenburg
Bernau bei Berlin
Bersteland
Bestensee
Biesdorf
Biesenthal
Birkenwerder
Blankenburg
Blankenfelde-Mahlow
Bleyen-Genschmar
Bliesdorf
Bohnsdorf
Boitzenburger Land
Borkheide
Borkwalde
Borsigwalde
Brandenburg an der Havel
Breddin
Breese
Breydin
Brieselang
Briesen / Brjazyna
Briesen (Mark)
Brieskow-Finkenheerd
Britz
Bronkow
Brück
Brüssow
Buch
Buckautal
Buckow (Märkische Schweiz)
Burg (Spreewald) / Bórkowy (Błota)
Byhleguhre-Byhlen / Běła Góra-Bělin
Calau
Carmzow-Wallmow
Casekow
Charlottenburg
Chorin
Cottbus / Chóśebuz
Crinitz
Cumlosen
Dabergotz
Dahlem
Dahme/Mark
Dahmetal
Dallgow-Döberitz
Diensdorf-Radlow
Dissen-Striesow / Dešno-Strjažow
Doberlug-Kirchhain
Döbern
Drachhausen / Hochoza
Drahnsdorf
Drebkau / Drjowk
Dreetz
Drehnow / Drjenow
Eberswalde (Kreisstadt)
Eichwalde
Eisenhüttenstadt
Elsterwerda
Erkner
Falkenberg
Falkenhagen (Mark)
Falkenhagener Feld
Falkensee
Fehrbellin
Felixsee
Fennpfuhl
Fichtenhöhe
Fichtwald
Finsterwalde
Flieth-Stegelitz
Forst (Lausitz) (Kreisstadt)
Frankfurt (Oder)
Französisch Buchholz
Frauendorf
Fredersdorf-Vogelsdorf
Friedenau
Friedland
Friedrichsfelde
Friedrichshain
Friedrichshagen
Friedrichswalde
Friesack
Frohnau
Fürstenberg/Havel
Fürstenwalde/Spree
Gatow
Gartz (Oder)
Garzau-Garzin
Gerdshagen
Gerswalde
Gesundbrunnen
Glienicke/Nordbahn
Gollenberg
Golßen
Golzow (b.Brandenburg)
Golzow (Oderbruch)
Gorden-Staupitz
Göritz
Görzke
Gosen-Neu Zittau
Gräben
Gramzow
Gransee
Gröden
Großbeeren
Großderschau
Großkmehlen
Groß Köris
Groß Kreutz (Havel)
Groß Lindow
Groß Pankow (Prignitz)
Großräschen
Groß Schacksdorf-Simmersdorf
Großthiemig
Großwoltersdorf
Gropiusstadt
Grünau
Grünewald
Grünheide (Mark)
Grünow
Grunow-Dammendorf
Guben
Guhrow / Góry
Gülitz-Reetz
Gumtow
Gusow-Platkow
Guteborn
Hakenfelde
Halbe
Halenbeck-Rohlsdorf
Halensee
Hansaviertel
Haselhorst
Havelaue
Havelsee
Heckelberg-Brunow
Heideblick
Heideland
Heidesee
Heiligengrabe
Heiligensee
Heinersbrück / Móst
Heinersdorf
Hellersdorf
Hennigsdorf
Hermsdorf
Herzberg (Elster) (Kreisstadt)
Herzberg (Mark)
Hirschfeld
Hohenbocka
Hohenbucko
Hohenfinow
Höhenland
Hohenleipisch
Hohen Neuendorf
Hohenselchow-Groß Pinnow
Hoppegarten
Hornow-Wadelsdorf / Lěšće-Zakrjejc
Ihlow
Jacobsdorf
Jamlitz
Jämlitz-Klein Düben
Jänschwalde / Janšojce
Joachimsthal
Johannisthal
Jüterbog
Karlshorst
Karow
Karstädt
Kasel-Golzig
Kaulsdorf
Ketzin/Havel
Kladow
Kleinmachnow
Kleßen-Görne
Kloster Lehnin
Kolkwitz / Gołkojce
Königs Wusterhausen
Konradshöhe
Köpenick
Kotzen
Krausnick-Groß Wasserburg
Kremitzaue
Kremmen
Kreuzberg
Kroppen
Kümmernitztal
Küstriner Vorland
Kyritz
Langewahl
Lankwitz
Lanz
Lauchhammer
Lawitz
Lebus
Lebusa
Leegebruch
Legde/Quitzöbel
Lenzen (Elbe)
Lenzerwische
Letschin
Lichtenberg
Lichtenrade
Lichterfeld-Schacksdorf
Lichterfelde
Liebenwalde
Lieberose
Liepe
Lietzen
Lindenau
Lindendorf
Lindow (Mark)
Linthe
Löwenberger Land
Lübars
Lübben (Spreewald) (Kreisstadt)
Lübbenau/Spreewald / Lubnjow/Błota
Luckaitztal
Luckau
Luckenwalde (Kreisstadt)
Ludwigsfelde
Lunow-Stolzenhagen
Lychen
Mahlsdorf
Malchow
Mariendorf
Marienfelde
Marienfließ
Marienwerder
Märkisch Buchholz
Märkisch Linden
Märkisch Luch
Märkische Heide
Märkische Höhe
Märkisches Viertel  
Mark Landin
Marzahn
Massen-Niederlausitz
Melchow
Merzdorf
Mescherin
Meyenburg
Michendorf
Milmersdorf
Milower Land
Mittenwalde (Mark)
Mittenwalde (Uckermark)
Mixdorf
Mitte
Moabit
Müggelheim
Mühlberg/Elbe
Mühlenbecker Land
Mühlenberge
Mühlenfließ
Müllrose
Müncheberg
Münchehofe
Nauen
Niederschönhausen
Nikolassee
Neiße-Malxetal
Neißemünde
Nennhausen
Neuenhagen bei Berlin
Neuhardenberg
Neuhausen/Spree
Neukölln
Neulewin
Neupetershain
Neuruppin (Kreisstadt)
Neu-Hohenschönhausen
Neu-Seeland
Neustadt (Dosse)
Neutrebbin
Neu Zauche / Nowa Niwa
Neuzelle
Niederer Fläming
Niederfinow
Niedergörsdorf
Niederschöneweide
Niemegk
Nordwestuckermark
Nuthetal
Nuthe-Urstromtal
Oberbarnim
Oberkrämer
Oberschöneweide
Oberuckersee
Oderaue
Oderberg
Oranienburg (Kreisstadt)
Ortrand
Panketal
Pankow
Parsteinsee
Passow
Paulinenaue
Päwesin
Peitz / Picnjo
Perleberg (Kreisstadt)
Pessin
Petershagen/Eggersdorf
Pinnow
Pirow
Planebruch
Planetal
Plänterwald
Plattenburg
Plessa
Podelzig
Potsdam
Premnitz
Prenzlau (Kreisstadt)
Prenzlauer Berg
Pritzwalk
Prötzel
Putlitz
Rabenstein/Fläming
Ragow-Merz
Rahnsdorf
Randowtal
Rangsdorf
Rathenow (Kreisstadt)
Rauen
Rehfelde
Reichenow-Möglin
Reichenwalde
Reinickendorf
Reitwein
Retzow
Rheinsberg
Rhinow
Rietz-Neuendorf
Rietzneuendorf-Staakow
Röderland
Rosenau
Rosenthal
Roskow
Rückersdorf
Rüdersdorf bei Berlin
Rudow
Rüdnitz
Ruhland
Rühstädt
Rummelsburg
Rüthnick
Sallgast
Schenkenberg
Schenkendöbern
Schilda
Schipkau
Schlaubetal
Schlepzig
Schlieben
Schmargendorf
Schmöckwitz
Schmogrow-Fehrow / Smogorjow-Prjawoz
Schönborn
Schöneberg
Schönefeld
Schöneiche bei Berlin
Schönermark
Schönewalde
Schönfeld
Schönwald
Schönwalde-Glien
Schorfheide
Schraden
Schulzendorf
Schwarzbach
Schwarzheide
Schwedt/Oder
Schwerin
Schwielochsee
Schwielowsee
Seddiner See
Seeblick
Seelow (Kreisstadt)
Senftenberg (Kreisstadt)
Siehdichum
Siemensstadt
Sieversdorf-Hohenofen
Sonnenberg
Sonnewalde
Spandau
Spreenhagen
Spreewaldheide
Spremberg / Grodk
Staaken
Stadtrandsiedlung Malchow 
Stahnsdorf
Stechlin
Stechow-Ferchesar
Steinhöfel
Steinreich
Steglitz
Storbeck-Frankendorf
Storkow (Mark)
Straupitz / Tšupc
Strausberg
Stüdenitz-Schönermark
Sydower Fließ
Tantow
Tauche
Tauer / Turjej
Tegel
Teichland / Gatojce
Teltow
Temmen-Ringenwalde
Temnitzquell
Temnitztal
Tempelhof
Templin
Tettau
Teupitz
Tiergarten
Trebbin
Treplin
Treuenbrietzen
Triglitz
Tröbitz
Tschernitz
Turnow-Preilack / Turnow-Pśiłuk
Uckerfelde
Uckerland
Uebigau-Wahrenbrück
Unterspreewald
Velten
Vetschau/Spreewald / Wětošow/Błota
Vielitzsee
Vierlinden
Vogelsang
Waidmannslust
Waldsieversdorf
Walsleben
Wandlitz
Wannsee
Wartenberg
Wedding
Weißensee
Weisen
Welzow
Wendisch Rietz
Wenzlow
Werben / Wjerbno
Werder (Havel)
Werneuchen
Westend
Wiesenau
Wiesenaue
Wiesenburg/Mark
Wiesengrund
Wildau
Wilhelmsruh
Wilhelmstadt
Wilmersdorf
Wittenau
Wittenberge
Wittstock/Dosse
Wollin
Woltersdorf
Wriezen
Wusterhausen/Dosse
Wustermark
Wusterwitz
Zechin
Zehdenick
Zehlendorf
Zernitz-Lohm
Zeschdorf
Zeuthen
Zichow
Ziesar
Ziethen
Ziltendorf
Zossen
